"LOCATION","INDICATOR","SUBJECT","MEASURE","FREQUENCY","TIME","Value","Flag Codes"
"AUS","GGEXP","TOT","THND_USD_CAP","A","2007",13728.47,
"AUS","GGEXP","TOT","THND_USD_CAP","A","2008",14829.21,
"AUS","GGEXP","TOT","THND_USD_CAP","A","2009",15967.08,
"AUS","GGEXP","TOT","THND_USD_CAP","A","2010",15799.62,
"AUS","GGEXP","TOT","THND_USD_CAP","A","2011",16522.72,
"AUS","GGEXP","TOT","THND_USD_CAP","A","2012",15943.1,
"AUS","GGEXP","TOT","THND_USD_CAP","A","2013",17482.13,
"AUS","GGEXP","TOT","THND_USD_CAP","A","2014",17503.98,
"AUS","GGEXP","TOT","THND_USD_CAP","A","2015",17688.02,
"AUS","GGEXP","TOT","THND_USD_CAP","A","2016",18426.83,
"AUS","GGEXP","TOT","THND_USD_CAP","A","2017",18741.25,
"AUS","GGEXP","TOT","THND_USD_CAP","A","2018",19408.92,
"AUS","GGEXP","TOT","THND_USD_CAP","A","2019",21834.17,
"AUT","GGEXP","TOT","THND_USD_CAP","A","2007",19394.41,
"AUT","GGEXP","TOT","THND_USD_CAP","A","2008",20605.94,
"AUT","GGEXP","TOT","THND_USD_CAP","A","2009",22176.22,
"AUT","GGEXP","TOT","THND_USD_CAP","A","2010",22220.84,
"AUT","GGEXP","TOT","THND_USD_CAP","A","2011",22633.45,
"AUT","GGEXP","TOT","THND_USD_CAP","A","2012",23802.61,
"AUT","GGEXP","TOT","THND_USD_CAP","A","2013",24758.19,
"AUT","GGEXP","TOT","THND_USD_CAP","A","2014",25593.4,
"AUT","GGEXP","TOT","THND_USD_CAP","A","2015",25536.12,
"AUT","GGEXP","TOT","THND_USD_CAP","A","2016",26370.11,
"AUT","GGEXP","TOT","THND_USD_CAP","A","2017",26714.25,
"AUT","GGEXP","TOT","THND_USD_CAP","A","2018",27818.92,
"AUT","GGEXP","TOT","THND_USD_CAP","A","2019",28487.01,
"AUT","GGEXP","TOT","THND_USD_CAP","A","2020",32075.08,
"BEL","GGEXP","TOT","THND_USD_CAP","A","2007",17844.7,
"BEL","GGEXP","TOT","THND_USD_CAP","A","2008",19235.34,
"BEL","GGEXP","TOT","THND_USD_CAP","A","2009",20657.87,
"BEL","GGEXP","TOT","THND_USD_CAP","A","2010",21480.72,
"BEL","GGEXP","TOT","THND_USD_CAP","A","2011",22643.49,
"BEL","GGEXP","TOT","THND_USD_CAP","A","2012",23884.65,
"BEL","GGEXP","TOT","THND_USD_CAP","A","2013",24507.5,
"BEL","GGEXP","TOT","THND_USD_CAP","A","2014",24980.98,
"BEL","GGEXP","TOT","THND_USD_CAP","A","2015",24819.41,
"BEL","GGEXP","TOT","THND_USD_CAP","A","2016",25814.76,
"BEL","GGEXP","TOT","THND_USD_CAP","A","2017",26246.34,
"BEL","GGEXP","TOT","THND_USD_CAP","A","2018",27490.68,
"BEL","GGEXP","TOT","THND_USD_CAP","A","2019",28495.12,
"BEL","GGEXP","TOT","THND_USD_CAP","A","2020",31108.22,
"CAN","GGEXP","TOT","THND_USD_CAP","A","2007",15562.48,
"CAN","GGEXP","TOT","THND_USD_CAP","A","2008",15983.17,
"CAN","GGEXP","TOT","THND_USD_CAP","A","2009",17223.73,
"CAN","GGEXP","TOT","THND_USD_CAP","A","2010",17611.57,
"CAN","GGEXP","TOT","THND_USD_CAP","A","2011",17659.81,
"CAN","GGEXP","TOT","THND_USD_CAP","A","2012",17645.37,
"CAN","GGEXP","TOT","THND_USD_CAP","A","2013",18061.3,
"CAN","GGEXP","TOT","THND_USD_CAP","A","2014",17916.24,
"CAN","GGEXP","TOT","THND_USD_CAP","A","2015",18239.95,
"CAN","GGEXP","TOT","THND_USD_CAP","A","2016",19315.91,
"CAN","GGEXP","TOT","THND_USD_CAP","A","2017",19936.66,
"CAN","GGEXP","TOT","THND_USD_CAP","A","2018",20926.79,
"CAN","GGEXP","TOT","THND_USD_CAP","A","2019",21141.93,
"CAN","GGEXP","TOT","THND_USD_CAP","A","2020",25791.71,
"CZE","GGEXP","TOT","THND_USD_CAP","A","2007",10590.85,
"CZE","GGEXP","TOT","THND_USD_CAP","A","2008",11383.35,
"CZE","GGEXP","TOT","THND_USD_CAP","A","2009",12267.49,
"CZE","GGEXP","TOT","THND_USD_CAP","A","2010",12124.6,
"CZE","GGEXP","TOT","THND_USD_CAP","A","2011",12524.31,
"CZE","GGEXP","TOT","THND_USD_CAP","A","2012",13071.44,
"CZE","GGEXP","TOT","THND_USD_CAP","A","2013",13148.42,
"CZE","GGEXP","TOT","THND_USD_CAP","A","2014",13853.97,
"CZE","GGEXP","TOT","THND_USD_CAP","A","2015",14219.57,
"CZE","GGEXP","TOT","THND_USD_CAP","A","2016",14350.63,
"CZE","GGEXP","TOT","THND_USD_CAP","A","2017",15140.99,
"CZE","GGEXP","TOT","THND_USD_CAP","A","2018",16707.11,
"CZE","GGEXP","TOT","THND_USD_CAP","A","2019",17789.66,
"CZE","GGEXP","TOT","THND_USD_CAP","A","2020",19537.26,
"DNK","GGEXP","TOT","THND_USD_CAP","A","2007",19325.34,
"DNK","GGEXP","TOT","THND_USD_CAP","A","2008",20811.08,
"DNK","GGEXP","TOT","THND_USD_CAP","A","2009",22819.07,
"DNK","GGEXP","TOT","THND_USD_CAP","A","2010",24392.83,
"DNK","GGEXP","TOT","THND_USD_CAP","A","2011",25059.1,
"DNK","GGEXP","TOT","THND_USD_CAP","A","2012",25968.76,
"DNK","GGEXP","TOT","THND_USD_CAP","A","2013",26092.08,
"DNK","GGEXP","TOT","THND_USD_CAP","A","2014",26452.31,
"DNK","GGEXP","TOT","THND_USD_CAP","A","2015",26750.25,
"DNK","GGEXP","TOT","THND_USD_CAP","A","2016",27271.59,
"DNK","GGEXP","TOT","THND_USD_CAP","A","2017",27982.45,
"DNK","GGEXP","TOT","THND_USD_CAP","A","2018",29043.81,
"DNK","GGEXP","TOT","THND_USD_CAP","A","2019",29698.58,
"DNK","GGEXP","TOT","THND_USD_CAP","A","2020",32306.73,
"FIN","GGEXP","TOT","THND_USD_CAP","A","2007",17599.91,
"FIN","GGEXP","TOT","THND_USD_CAP","A","2008",19190.4,
"FIN","GGEXP","TOT","THND_USD_CAP","A","2009",20554.86,
"FIN","GGEXP","TOT","THND_USD_CAP","A","2010",21016.06,
"FIN","GGEXP","TOT","THND_USD_CAP","A","2011",21954.88,
"FIN","GGEXP","TOT","THND_USD_CAP","A","2012",22660.14,
"FIN","GGEXP","TOT","THND_USD_CAP","A","2013",23577.66,
"FIN","GGEXP","TOT","THND_USD_CAP","A","2014",23912.98,
"FIN","GGEXP","TOT","THND_USD_CAP","A","2015",24003.44,"B"
"FIN","GGEXP","TOT","THND_USD_CAP","A","2016",25005.05,
"FIN","GGEXP","TOT","THND_USD_CAP","A","2017",25513.98,
"FIN","GGEXP","TOT","THND_USD_CAP","A","2018",26552.01,
"FIN","GGEXP","TOT","THND_USD_CAP","A","2019",27423.84,
"FIN","GGEXP","TOT","THND_USD_CAP","A","2020",28481,
"FRA","GGEXP","TOT","THND_USD_CAP","A","2007",17918,
"FRA","GGEXP","TOT","THND_USD_CAP","A","2008",18708.54,
"FRA","GGEXP","TOT","THND_USD_CAP","A","2009",19838.36,
"FRA","GGEXP","TOT","THND_USD_CAP","A","2010",20442.99,
"FRA","GGEXP","TOT","THND_USD_CAP","A","2011",21079.71,
"FRA","GGEXP","TOT","THND_USD_CAP","A","2012",21520.41,
"FRA","GGEXP","TOT","THND_USD_CAP","A","2013",22621.27,
"FRA","GGEXP","TOT","THND_USD_CAP","A","2014",22967.87,
"FRA","GGEXP","TOT","THND_USD_CAP","A","2015",23190.4,
"FRA","GGEXP","TOT","THND_USD_CAP","A","2016",24293.26,
"FRA","GGEXP","TOT","THND_USD_CAP","A","2017",25133.13,
"FRA","GGEXP","TOT","THND_USD_CAP","A","2018",25878.98,
"FRA","GGEXP","TOT","THND_USD_CAP","A","2019",27381.2,
"FRA","GGEXP","TOT","THND_USD_CAP","A","2020",28405.61,
"DEU","GGEXP","TOT","THND_USD_CAP","A","2007",15976.33,
"DEU","GGEXP","TOT","THND_USD_CAP","A","2008",16986.95,
"DEU","GGEXP","TOT","THND_USD_CAP","A","2009",18071.58,
"DEU","GGEXP","TOT","THND_USD_CAP","A","2010",19115.76,
"DEU","GGEXP","TOT","THND_USD_CAP","A","2011",19245.11,
"DEU","GGEXP","TOT","THND_USD_CAP","A","2012",19476.22,
"DEU","GGEXP","TOT","THND_USD_CAP","A","2013",20222.13,
"DEU","GGEXP","TOT","THND_USD_CAP","A","2014",20827.41,
"DEU","GGEXP","TOT","THND_USD_CAP","A","2015",21015.38,
"DEU","GGEXP","TOT","THND_USD_CAP","A","2016",22433.88,
"DEU","GGEXP","TOT","THND_USD_CAP","A","2017",23403.56,
"DEU","GGEXP","TOT","THND_USD_CAP","A","2018",24431.9,
"DEU","GGEXP","TOT","THND_USD_CAP","A","2019",25248.54,
"DEU","GGEXP","TOT","THND_USD_CAP","A","2020",27493.65,
"GRC","GGEXP","TOT","THND_USD_CAP","A","2007",13784.09,
"GRC","GGEXP","TOT","THND_USD_CAP","A","2008",15688.83,
"GRC","GGEXP","TOT","THND_USD_CAP","A","2009",16431.64,
"GRC","GGEXP","TOT","THND_USD_CAP","A","2010",14793.25,
"GRC","GGEXP","TOT","THND_USD_CAP","A","2011",14150.08,
"GRC","GGEXP","TOT","THND_USD_CAP","A","2012",14128.82,
"GRC","GGEXP","TOT","THND_USD_CAP","A","2013",16313.59,
"GRC","GGEXP","TOT","THND_USD_CAP","A","2014",13507.13,
"GRC","GGEXP","TOT","THND_USD_CAP","A","2015",14465.18,
"GRC","GGEXP","TOT","THND_USD_CAP","A","2016",13741.2,
"GRC","GGEXP","TOT","THND_USD_CAP","A","2017",13885.43,
"GRC","GGEXP","TOT","THND_USD_CAP","A","2018",14390.16,
"GRC","GGEXP","TOT","THND_USD_CAP","A","2019",14771.21,
"GRC","GGEXP","TOT","THND_USD_CAP","A","2020",17229.87,
"HUN","GGEXP","TOT","THND_USD_CAP","A","2007",9509.09,
"HUN","GGEXP","TOT","THND_USD_CAP","A","2008",10100.71,
"HUN","GGEXP","TOT","THND_USD_CAP","A","2009",10484.9,
"HUN","GGEXP","TOT","THND_USD_CAP","A","2010",10621.34,
"HUN","GGEXP","TOT","THND_USD_CAP","A","2011",11298.39,
"HUN","GGEXP","TOT","THND_USD_CAP","A","2012",11428,
"HUN","GGEXP","TOT","THND_USD_CAP","A","2013",12289.18,
"HUN","GGEXP","TOT","THND_USD_CAP","A","2014",12857.54,
"HUN","GGEXP","TOT","THND_USD_CAP","A","2015",13501.18,
"HUN","GGEXP","TOT","THND_USD_CAP","A","2016",13076.05,
"HUN","GGEXP","TOT","THND_USD_CAP","A","2017",13700.31,
"HUN","GGEXP","TOT","THND_USD_CAP","A","2018",14606.55,
"HUN","GGEXP","TOT","THND_USD_CAP","A","2019",15522.77,
"HUN","GGEXP","TOT","THND_USD_CAP","A","2020",17353.56,
"ISL","GGEXP","TOT","THND_USD_CAP","A","2007",18556.93,
"ISL","GGEXP","TOT","THND_USD_CAP","A","2008",27571.23,
"ISL","GGEXP","TOT","THND_USD_CAP","A","2009",22434.98,
"ISL","GGEXP","TOT","THND_USD_CAP","A","2010",19468.93,
"ISL","GGEXP","TOT","THND_USD_CAP","A","2011",20737.45,
"ISL","GGEXP","TOT","THND_USD_CAP","A","2012",20100.5,
"ISL","GGEXP","TOT","THND_USD_CAP","A","2013",20461.87,
"ISL","GGEXP","TOT","THND_USD_CAP","A","2014",21128.69,
"ISL","GGEXP","TOT","THND_USD_CAP","A","2015",21437.96,
"ISL","GGEXP","TOT","THND_USD_CAP","A","2016",24884.6,
"ISL","GGEXP","TOT","THND_USD_CAP","A","2017",24755.7,
"ISL","GGEXP","TOT","THND_USD_CAP","A","2018",25614.29,
"ISL","GGEXP","TOT","THND_USD_CAP","A","2019",26092.61,
"ISL","GGEXP","TOT","THND_USD_CAP","A","2020",27812.32,
"IRL","GGEXP","TOT","THND_USD_CAP","A","2007",16798.47,
"IRL","GGEXP","TOT","THND_USD_CAP","A","2008",18505.04,
"IRL","GGEXP","TOT","THND_USD_CAP","A","2009",19577.08,
"IRL","GGEXP","TOT","THND_USD_CAP","A","2010",28204,
"IRL","GGEXP","TOT","THND_USD_CAP","A","2011",21061.77,
"IRL","GGEXP","TOT","THND_USD_CAP","A","2012",19677,
"IRL","GGEXP","TOT","THND_USD_CAP","A","2013",19560.9,
"IRL","GGEXP","TOT","THND_USD_CAP","A","2014",19380.9,
"IRL","GGEXP","TOT","THND_USD_CAP","A","2015",20257.34,
"IRL","GGEXP","TOT","THND_USD_CAP","A","2016",20297.97,
"IRL","GGEXP","TOT","THND_USD_CAP","A","2017",20734,
"IRL","GGEXP","TOT","THND_USD_CAP","A","2018",21852.22,
"IRL","GGEXP","TOT","THND_USD_CAP","A","2019",22007.24,
"IRL","GGEXP","TOT","THND_USD_CAP","A","2020",25633.51,
"ITA","GGEXP","TOT","THND_USD_CAP","A","2007",15858.39,
"ITA","GGEXP","TOT","THND_USD_CAP","A","2008",16872.99,
"ITA","GGEXP","TOT","THND_USD_CAP","A","2009",17555.43,
"ITA","GGEXP","TOT","THND_USD_CAP","A","2010",17405.1,
"ITA","GGEXP","TOT","THND_USD_CAP","A","2011",17792.93,
"ITA","GGEXP","TOT","THND_USD_CAP","A","2012",18213.9,
"ITA","GGEXP","TOT","THND_USD_CAP","A","2013",18377.05,
"ITA","GGEXP","TOT","THND_USD_CAP","A","2014",18407.09,
"ITA","GGEXP","TOT","THND_USD_CAP","A","2015",18566.7,
"ITA","GGEXP","TOT","THND_USD_CAP","A","2016",19595.51,
"ITA","GGEXP","TOT","THND_USD_CAP","A","2017",20276.02,
"ITA","GGEXP","TOT","THND_USD_CAP","A","2018",20852.12,
"ITA","GGEXP","TOT","THND_USD_CAP","A","2019",21592.22,
"ITA","GGEXP","TOT","THND_USD_CAP","A","2020",23551.4,
"JPN","GGEXP","TOT","THND_USD_CAP","A","2007",12076.46,
"JPN","GGEXP","TOT","THND_USD_CAP","A","2008",12553.6,
"JPN","GGEXP","TOT","THND_USD_CAP","A","2009",13510.85,
"JPN","GGEXP","TOT","THND_USD_CAP","A","2010",13905.15,
"JPN","GGEXP","TOT","THND_USD_CAP","A","2011",14538.37,
"JPN","GGEXP","TOT","THND_USD_CAP","A","2012",15114,
"JPN","GGEXP","TOT","THND_USD_CAP","A","2013",15900.65,
"JPN","GGEXP","TOT","THND_USD_CAP","A","2014",15752.99,
"JPN","GGEXP","TOT","THND_USD_CAP","A","2015",15889.08,
"JPN","GGEXP","TOT","THND_USD_CAP","A","2016",15711,
"JPN","GGEXP","TOT","THND_USD_CAP","A","2017",15838.17,
"JPN","GGEXP","TOT","THND_USD_CAP","A","2018",16199.99,
"KOR","GGEXP","TOT","THND_USD_CAP","A","2007",8145.14,
"KOR","GGEXP","TOT","THND_USD_CAP","A","2008",8927.08,
"KOR","GGEXP","TOT","THND_USD_CAP","A","2009",9532.23,
"KOR","GGEXP","TOT","THND_USD_CAP","A","2010",9397.42,
"KOR","GGEXP","TOT","THND_USD_CAP","A","2011",9889.06,
"KOR","GGEXP","TOT","THND_USD_CAP","A","2012",10336.41,
"KOR","GGEXP","TOT","THND_USD_CAP","A","2013",10317.89,
"KOR","GGEXP","TOT","THND_USD_CAP","A","2014",10746.01,
"KOR","GGEXP","TOT","THND_USD_CAP","A","2015",11521.64,
"KOR","GGEXP","TOT","THND_USD_CAP","A","2016",11989.72,
"KOR","GGEXP","TOT","THND_USD_CAP","A","2017",12398.08,
"KOR","GGEXP","TOT","THND_USD_CAP","A","2018",13233.45,
"KOR","GGEXP","TOT","THND_USD_CAP","A","2019",14494.49,
"LUX","GGEXP","TOT","THND_USD_CAP","A","2007",31737.73,
"LUX","GGEXP","TOT","THND_USD_CAP","A","2008",34461.98,
"LUX","GGEXP","TOT","THND_USD_CAP","A","2009",37087.52,
"LUX","GGEXP","TOT","THND_USD_CAP","A","2010",37897.5,
"LUX","GGEXP","TOT","THND_USD_CAP","A","2011",39129.22,
"LUX","GGEXP","TOT","THND_USD_CAP","A","2012",40365.69,
"LUX","GGEXP","TOT","THND_USD_CAP","A","2013",41470.6,
"LUX","GGEXP","TOT","THND_USD_CAP","A","2014",42609.86,
"LUX","GGEXP","TOT","THND_USD_CAP","A","2015",43554.27,
"LUX","GGEXP","TOT","THND_USD_CAP","A","2016",45232.8,
"LUX","GGEXP","TOT","THND_USD_CAP","A","2017",47408.52,
"LUX","GGEXP","TOT","THND_USD_CAP","A","2018",49321.47,
"LUX","GGEXP","TOT","THND_USD_CAP","A","2019",51061.72,
"LUX","GGEXP","TOT","THND_USD_CAP","A","2020",56207.1,
"MEX","GGEXP","TOT","THND_USD_CAP","A","2007",3073.21,
"MEX","GGEXP","TOT","THND_USD_CAP","A","2008",3725.68,
"MEX","GGEXP","TOT","THND_USD_CAP","A","2009",3701.24,
"MEX","GGEXP","TOT","THND_USD_CAP","A","2010",3881.96,
"MEX","GGEXP","TOT","THND_USD_CAP","A","2011",4764.23,
"MEX","GGEXP","TOT","THND_USD_CAP","A","2012",4912.05,
"MEX","GGEXP","TOT","THND_USD_CAP","A","2013",4966.29,
"MEX","GGEXP","TOT","THND_USD_CAP","A","2014",5098.86,
"MEX","GGEXP","TOT","THND_USD_CAP","A","2015",5204.45,
"MEX","GGEXP","TOT","THND_USD_CAP","A","2016",5205.43,
"MEX","GGEXP","TOT","THND_USD_CAP","A","2017",5205.48,
"MEX","GGEXP","TOT","THND_USD_CAP","A","2018",5634.3,
"MEX","GGEXP","TOT","THND_USD_CAP","A","2019",5544.92,
"NLD","GGEXP","TOT","THND_USD_CAP","A","2007",18635.03,
"NLD","GGEXP","TOT","THND_USD_CAP","A","2008",20060.38,
"NLD","GGEXP","TOT","THND_USD_CAP","A","2009",21257.9,
"NLD","GGEXP","TOT","THND_USD_CAP","A","2010",21613.02,
"NLD","GGEXP","TOT","THND_USD_CAP","A","2011",21826.57,
"NLD","GGEXP","TOT","THND_USD_CAP","A","2012",22149.86,
"NLD","GGEXP","TOT","THND_USD_CAP","A","2013",22948.35,
"NLD","GGEXP","TOT","THND_USD_CAP","A","2014",22576.5,
"NLD","GGEXP","TOT","THND_USD_CAP","A","2015",22472.95,
"NLD","GGEXP","TOT","THND_USD_CAP","A","2016",22797.66,
"NLD","GGEXP","TOT","THND_USD_CAP","A","2017",23359.04,
"NLD","GGEXP","TOT","THND_USD_CAP","A","2018",24461.52,"P"
"NLD","GGEXP","TOT","THND_USD_CAP","A","2019",24956.74,"P"
"NLD","GGEXP","TOT","THND_USD_CAP","A","2020",27731.71,
"NZL","GGEXP","TOT","THND_USD_CAP","A","2007",11207.49,
"NZL","GGEXP","TOT","THND_USD_CAP","A","2008",12245.74,
"NZL","GGEXP","TOT","THND_USD_CAP","A","2009",12747.32,
"NZL","GGEXP","TOT","THND_USD_CAP","A","2010",14754.63,
"NZL","GGEXP","TOT","THND_USD_CAP","A","2011",14210.32,
"NZL","GGEXP","TOT","THND_USD_CAP","A","2012",13853.94,
"NZL","GGEXP","TOT","THND_USD_CAP","A","2013",14501.77,
"NZL","GGEXP","TOT","THND_USD_CAP","A","2014",14746.9,
"NZL","GGEXP","TOT","THND_USD_CAP","A","2015",14462.25,
"NZL","GGEXP","TOT","THND_USD_CAP","A","2016",15446.57,
"NZL","GGEXP","TOT","THND_USD_CAP","A","2017",15893.35,
"NZL","GGEXP","TOT","THND_USD_CAP","A","2018",16816.34,
"NZL","GGEXP","TOT","THND_USD_CAP","A","2019",18083.2,
"NOR","GGEXP","TOT","THND_USD_CAP","A","2007",23317.75,
"NOR","GGEXP","TOT","THND_USD_CAP","A","2008",25042.63,
"NOR","GGEXP","TOT","THND_USD_CAP","A","2009",25761.88,
"NOR","GGEXP","TOT","THND_USD_CAP","A","2010",26311.38,
"NOR","GGEXP","TOT","THND_USD_CAP","A","2011",27427.94,
"NOR","GGEXP","TOT","THND_USD_CAP","A","2012",28303.33,
"NOR","GGEXP","TOT","THND_USD_CAP","A","2013",29733.83,
"NOR","GGEXP","TOT","THND_USD_CAP","A","2014",30477.3,
"NOR","GGEXP","TOT","THND_USD_CAP","A","2015",29742.02,
"NOR","GGEXP","TOT","THND_USD_CAP","A","2016",30365.4,
"NOR","GGEXP","TOT","THND_USD_CAP","A","2017",32330.94,
"NOR","GGEXP","TOT","THND_USD_CAP","A","2018",34033.93,
"NOR","GGEXP","TOT","THND_USD_CAP","A","2019",35176.24,
"NOR","GGEXP","TOT","THND_USD_CAP","A","2020",39751.15,
"POL","GGEXP","TOT","THND_USD_CAP","A","2007",7200.59,
"POL","GGEXP","TOT","THND_USD_CAP","A","2008",8087.01,
"POL","GGEXP","TOT","THND_USD_CAP","A","2009",8592.34,
"POL","GGEXP","TOT","THND_USD_CAP","A","2010",9549.22,
"POL","GGEXP","TOT","THND_USD_CAP","A","2011",9942.89,
"POL","GGEXP","TOT","THND_USD_CAP","A","2012",10119.96,
"POL","GGEXP","TOT","THND_USD_CAP","A","2013",10431.83,
"POL","GGEXP","TOT","THND_USD_CAP","A","2014",10729.29,
"POL","GGEXP","TOT","THND_USD_CAP","A","2015",11058.48,
"POL","GGEXP","TOT","THND_USD_CAP","A","2016",11503.93,
"POL","GGEXP","TOT","THND_USD_CAP","A","2017",12263.75,
"POL","GGEXP","TOT","THND_USD_CAP","A","2018",13130.91,
"POL","GGEXP","TOT","THND_USD_CAP","A","2019",14143.33,
"POL","GGEXP","TOT","THND_USD_CAP","A","2020",16278.94,
"PRT","GGEXP","TOT","THND_USD_CAP","A","2007",11440.64,
"PRT","GGEXP","TOT","THND_USD_CAP","A","2008",12090.45,
"PRT","GGEXP","TOT","THND_USD_CAP","A","2009",13298.29,
"PRT","GGEXP","TOT","THND_USD_CAP","A","2010",14159.38,
"PRT","GGEXP","TOT","THND_USD_CAP","A","2011",13390.81,
"PRT","GGEXP","TOT","THND_USD_CAP","A","2012",12925.3,
"PRT","GGEXP","TOT","THND_USD_CAP","A","2013",13946.08,
"PRT","GGEXP","TOT","THND_USD_CAP","A","2014",14869.9,
"PRT","GGEXP","TOT","THND_USD_CAP","A","2015",14310.65,
"PRT","GGEXP","TOT","THND_USD_CAP","A","2016",14171.81,
"PRT","GGEXP","TOT","THND_USD_CAP","A","2017",14991.73,
"PRT","GGEXP","TOT","THND_USD_CAP","A","2018",15104.68,
"PRT","GGEXP","TOT","THND_USD_CAP","A","2019",15680.12,
"PRT","GGEXP","TOT","THND_USD_CAP","A","2020",16568.53,
"SVK","GGEXP","TOT","THND_USD_CAP","A","2007",7680.11,
"SVK","GGEXP","TOT","THND_USD_CAP","A","2008",8733.99,
"SVK","GGEXP","TOT","THND_USD_CAP","A","2009",10197.71,
"SVK","GGEXP","TOT","THND_USD_CAP","A","2010",10637,
"SVK","GGEXP","TOT","THND_USD_CAP","A","2011",10859.76,
"SVK","GGEXP","TOT","THND_USD_CAP","A","2012",11099.69,
"SVK","GGEXP","TOT","THND_USD_CAP","A","2013",11901.74,
"SVK","GGEXP","TOT","THND_USD_CAP","A","2014",12557.27,
"SVK","GGEXP","TOT","THND_USD_CAP","A","2015",13697.39,
"SVK","GGEXP","TOT","THND_USD_CAP","A","2016",12652.06,
"SVK","GGEXP","TOT","THND_USD_CAP","A","2017",12439.6,
"SVK","GGEXP","TOT","THND_USD_CAP","A","2018",13149.52,
"SVK","GGEXP","TOT","THND_USD_CAP","A","2019",13894.05,
"SVK","GGEXP","TOT","THND_USD_CAP","A","2020",15014.52,
"ESP","GGEXP","TOT","THND_USD_CAP","A","2007",12727.89,
"ESP","GGEXP","TOT","THND_USD_CAP","A","2008",13776.46,
"ESP","GGEXP","TOT","THND_USD_CAP","A","2009",14845.96,
"ESP","GGEXP","TOT","THND_USD_CAP","A","2010",14600.58,
"ESP","GGEXP","TOT","THND_USD_CAP","A","2011",14710.58,
"ESP","GGEXP","TOT","THND_USD_CAP","A","2012",15435.83,
"ESP","GGEXP","TOT","THND_USD_CAP","A","2013",14873.8,
"ESP","GGEXP","TOT","THND_USD_CAP","A","2014",15133.26,
"ESP","GGEXP","TOT","THND_USD_CAP","A","2015",15330.68,
"ESP","GGEXP","TOT","THND_USD_CAP","A","2016",15836.56,
"ESP","GGEXP","TOT","THND_USD_CAP","A","2017",16306.36,
"ESP","GGEXP","TOT","THND_USD_CAP","A","2018",16987.14,
"ESP","GGEXP","TOT","THND_USD_CAP","A","2019",17750.56,
"ESP","GGEXP","TOT","THND_USD_CAP","A","2020",19830.34,
"SWE","GGEXP","TOT","THND_USD_CAP","A","2007",20139.33,
"SWE","GGEXP","TOT","THND_USD_CAP","A","2008",21092.88,
"SWE","GGEXP","TOT","THND_USD_CAP","A","2009",21063.8,
"SWE","GGEXP","TOT","THND_USD_CAP","A","2010",21291.73,
"SWE","GGEXP","TOT","THND_USD_CAP","A","2011",22159.15,
"SWE","GGEXP","TOT","THND_USD_CAP","A","2012",23117.95,
"SWE","GGEXP","TOT","THND_USD_CAP","A","2013",23890.95,
"SWE","GGEXP","TOT","THND_USD_CAP","A","2014",23919.85,
"SWE","GGEXP","TOT","THND_USD_CAP","A","2015",24227.42,
"SWE","GGEXP","TOT","THND_USD_CAP","A","2016",25080.28,
"SWE","GGEXP","TOT","THND_USD_CAP","A","2017",25571.74,
"SWE","GGEXP","TOT","THND_USD_CAP","A","2018",26691.57,
"SWE","GGEXP","TOT","THND_USD_CAP","A","2019",27165.11,
"SWE","GGEXP","TOT","THND_USD_CAP","A","2020",28429.13,
"CHE","GGEXP","TOT","THND_USD_CAP","A","2007",15288.26,
"CHE","GGEXP","TOT","THND_USD_CAP","A","2008",16479.63,
"CHE","GGEXP","TOT","THND_USD_CAP","A","2009",17250.69,
"CHE","GGEXP","TOT","THND_USD_CAP","A","2010",17603.54,
"CHE","GGEXP","TOT","THND_USD_CAP","A","2011",18606.54,
"CHE","GGEXP","TOT","THND_USD_CAP","A","2012",19429.67,
"CHE","GGEXP","TOT","THND_USD_CAP","A","2013",20733.69,
"CHE","GGEXP","TOT","THND_USD_CAP","A","2014",21095.23,
"CHE","GGEXP","TOT","THND_USD_CAP","A","2015",21936.96,
"CHE","GGEXP","TOT","THND_USD_CAP","A","2016",22677.35,
"CHE","GGEXP","TOT","THND_USD_CAP","A","2017",22984.61,
"CHE","GGEXP","TOT","THND_USD_CAP","A","2018",23339.59,
"CHE","GGEXP","TOT","THND_USD_CAP","A","2019",23920.36,
"TUR","GGEXP","TOT","THND_USD_CAP","A","2009",5828.79,
"TUR","GGEXP","TOT","THND_USD_CAP","A","2010",6129.77,
"TUR","GGEXP","TOT","THND_USD_CAP","A","2011",6528.16,
"TUR","GGEXP","TOT","THND_USD_CAP","A","2012",6850.93,
"TUR","GGEXP","TOT","THND_USD_CAP","A","2013",7291.53,
"TUR","GGEXP","TOT","THND_USD_CAP","A","2014",7698.23,
"TUR","GGEXP","TOT","THND_USD_CAP","A","2015",8205.85,
"TUR","GGEXP","TOT","THND_USD_CAP","A","2016",9036.33,
"TUR","GGEXP","TOT","THND_USD_CAP","A","2017",9574.78,
"TUR","GGEXP","TOT","THND_USD_CAP","A","2018",9803.78,
"TUR","GGEXP","TOT","THND_USD_CAP","A","2019",9783.81,
"GBR","GGEXP","TOT","THND_USD_CAP","A","2007",14554.64,
"GBR","GGEXP","TOT","THND_USD_CAP","A","2008",16254.91,
"GBR","GGEXP","TOT","THND_USD_CAP","A","2009",16544.25,
"GBR","GGEXP","TOT","THND_USD_CAP","A","2010",17239.26,
"GBR","GGEXP","TOT","THND_USD_CAP","A","2011",17005.81,
"GBR","GGEXP","TOT","THND_USD_CAP","A","2012",17470.36,
"GBR","GGEXP","TOT","THND_USD_CAP","A","2013",17543.45,
"GBR","GGEXP","TOT","THND_USD_CAP","A","2014",17794.16,
"GBR","GGEXP","TOT","THND_USD_CAP","A","2015",17997.98,
"GBR","GGEXP","TOT","THND_USD_CAP","A","2016",18327.83,
"GBR","GGEXP","TOT","THND_USD_CAP","A","2017",18880.41,
"GBR","GGEXP","TOT","THND_USD_CAP","A","2018",19366.5,
"GBR","GGEXP","TOT","THND_USD_CAP","A","2019",19952.86,
"GBR","GGEXP","TOT","THND_USD_CAP","A","2020",22636.8,
"USA","GGEXP","TOT","THND_USD_CAP","A","2007",17927.67,
"USA","GGEXP","TOT","THND_USD_CAP","A","2008",19239.15,
"USA","GGEXP","TOT","THND_USD_CAP","A","2009",20345.56,
"USA","GGEXP","TOT","THND_USD_CAP","A","2010",20891.56,
"USA","GGEXP","TOT","THND_USD_CAP","A","2011",20946.29,
"USA","GGEXP","TOT","THND_USD_CAP","A","2012",20737.28,
"USA","GGEXP","TOT","THND_USD_CAP","A","2013",20697.41,
"USA","GGEXP","TOT","THND_USD_CAP","A","2014",21094.04,
"USA","GGEXP","TOT","THND_USD_CAP","A","2015",21533.55,
"USA","GGEXP","TOT","THND_USD_CAP","A","2016",22162.19,
"USA","GGEXP","TOT","THND_USD_CAP","A","2017",22826.26,
"USA","GGEXP","TOT","THND_USD_CAP","A","2018",23839.54,
"USA","GGEXP","TOT","THND_USD_CAP","A","2019",24884.55,
"BRA","GGEXP","TOT","THND_USD_CAP","A","2007",7815.56,
"BRA","GGEXP","TOT","THND_USD_CAP","A","2008",8106.21,
"BRA","GGEXP","TOT","THND_USD_CAP","A","2009",8170.17,
"BRA","GGEXP","TOT","THND_USD_CAP","A","2010",8445.97,
"BRA","GGEXP","TOT","THND_USD_CAP","A","2011",9221.38,
"BRA","GGEXP","TOT","THND_USD_CAP","A","2012",9106.5,
"BRA","GGEXP","TOT","THND_USD_CAP","A","2013",9486.07,
"BRA","GGEXP","TOT","THND_USD_CAP","A","2014",9848.21,
"BRA","GGEXP","TOT","THND_USD_CAP","A","2015",9689.87,
"BRA","GGEXP","TOT","THND_USD_CAP","A","2016",9536.43,
"BRA","GGEXP","TOT","THND_USD_CAP","A","2017",9557.52,
"BRA","GGEXP","TOT","THND_USD_CAP","A","2018",10069.59,
"CHN","GGEXP","TOT","THND_USD_CAP","A","2007",1222.75,
"CHN","GGEXP","TOT","THND_USD_CAP","A","2008",1688.02,
"CHN","GGEXP","TOT","THND_USD_CAP","A","2009",2107.61,
"CHN","GGEXP","TOT","THND_USD_CAP","A","2010",2299.92,
"CHN","GGEXP","TOT","THND_USD_CAP","A","2011",2765.04,
"CHN","GGEXP","TOT","THND_USD_CAP","A","2012",3147.97,
"CHN","GGEXP","TOT","THND_USD_CAP","A","2013",3416.64,
"CHN","GGEXP","TOT","THND_USD_CAP","A","2014",3645.82,
"CHN","GGEXP","TOT","THND_USD_CAP","A","2015",4110.75,
"CHN","GGEXP","TOT","THND_USD_CAP","A","2016",4316.88,
"CHN","GGEXP","TOT","THND_USD_CAP","A","2017",4511,
"CHN","GGEXP","TOT","THND_USD_CAP","A","2018",5110,
"CHN","GGEXP","TOT","THND_USD_CAP","A","2019",5683,
"EST","GGEXP","TOT","THND_USD_CAP","A","2007",7466.65,
"EST","GGEXP","TOT","THND_USD_CAP","A","2008",8986.82,
"EST","GGEXP","TOT","THND_USD_CAP","A","2009",9388.18,
"EST","GGEXP","TOT","THND_USD_CAP","A","2010",8701.85,
"EST","GGEXP","TOT","THND_USD_CAP","A","2011",9174.83,
"EST","GGEXP","TOT","THND_USD_CAP","A","2012",10183.01,
"EST","GGEXP","TOT","THND_USD_CAP","A","2013",10535.39,
"EST","GGEXP","TOT","THND_USD_CAP","A","2014",10920.67,
"EST","GGEXP","TOT","THND_USD_CAP","A","2015",11550.22,
"EST","GGEXP","TOT","THND_USD_CAP","A","2016",12335.36,
"EST","GGEXP","TOT","THND_USD_CAP","A","2017",13284.88,
"EST","GGEXP","TOT","THND_USD_CAP","A","2018",14302.26,
"EST","GGEXP","TOT","THND_USD_CAP","A","2019",15137.06,
"EST","GGEXP","TOT","THND_USD_CAP","A","2020",17311.19,
"IND","GGEXP","TOT","THND_USD_CAP","A","2007",893.94,
"IND","GGEXP","TOT","THND_USD_CAP","A","2008",1011.43,
"IND","GGEXP","TOT","THND_USD_CAP","A","2009",1065.82,
"IND","GGEXP","TOT","THND_USD_CAP","A","2010",1147.65,
"IND","GGEXP","TOT","THND_USD_CAP","A","2011",1242.04,
"IND","GGEXP","TOT","THND_USD_CAP","A","2012",1330.19,
"IND","GGEXP","TOT","THND_USD_CAP","A","2013",1345.24,
"IND","GGEXP","TOT","THND_USD_CAP","A","2014",1372.31,
"IND","GGEXP","TOT","THND_USD_CAP","A","2015",1478.74,
"IND","GGEXP","TOT","THND_USD_CAP","A","2016",1590.35,
"IND","GGEXP","TOT","THND_USD_CAP","A","2017",1622,
"IND","GGEXP","TOT","THND_USD_CAP","A","2018",1759,
"IND","GGEXP","TOT","THND_USD_CAP","A","2019",1891,
"IND","GGEXP","TOT","THND_USD_CAP","A","2020",2002,
"IDN","GGEXP","TOT","THND_USD_CAP","A","2010",1804.1,
"IDN","GGEXP","TOT","THND_USD_CAP","A","2011",2090.56,
"IDN","GGEXP","TOT","THND_USD_CAP","A","2012",2333.39,
"IDN","GGEXP","TOT","THND_USD_CAP","A","2013",2452.92,
"IDN","GGEXP","TOT","THND_USD_CAP","A","2014",2455.15,
"IDN","GGEXP","TOT","THND_USD_CAP","A","2015",2358.75,
"IDN","GGEXP","TOT","THND_USD_CAP","A","2016",2525.59,
"IDN","GGEXP","TOT","THND_USD_CAP","A","2017",2537.57,
"IDN","GGEXP","TOT","THND_USD_CAP","A","2018",2674.11,
"IDN","GGEXP","TOT","THND_USD_CAP","A","2019",2868.47,
"ISR","GGEXP","TOT","THND_USD_CAP","A","2007",11504.09,
"ISR","GGEXP","TOT","THND_USD_CAP","A","2008",11672.63,
"ISR","GGEXP","TOT","THND_USD_CAP","A","2009",11772.33,
"ISR","GGEXP","TOT","THND_USD_CAP","A","2010",11838.89,
"ISR","GGEXP","TOT","THND_USD_CAP","A","2011",12388.42,
"ISR","GGEXP","TOT","THND_USD_CAP","A","2012",13056.83,
"ISR","GGEXP","TOT","THND_USD_CAP","A","2013",14064.83,
"ISR","GGEXP","TOT","THND_USD_CAP","A","2014",13579.43,
"ISR","GGEXP","TOT","THND_USD_CAP","A","2015",13668.7,
"ISR","GGEXP","TOT","THND_USD_CAP","A","2016",14634.9,
"ISR","GGEXP","TOT","THND_USD_CAP","A","2017",15365.6,
"ISR","GGEXP","TOT","THND_USD_CAP","A","2018",16303.03,
"ISR","GGEXP","TOT","THND_USD_CAP","A","2019",16756.39,
"RUS","GGEXP","TOT","THND_USD_CAP","A","2011",8094.39,
"RUS","GGEXP","TOT","THND_USD_CAP","A","2012",8856.93,
"RUS","GGEXP","TOT","THND_USD_CAP","A","2013",9780.29,
"RUS","GGEXP","TOT","THND_USD_CAP","A","2014",10368.15,
"RUS","GGEXP","TOT","THND_USD_CAP","A","2015",9055.48,
"RUS","GGEXP","TOT","THND_USD_CAP","A","2016",9527.66,
"RUS","GGEXP","TOT","THND_USD_CAP","A","2017",9830.09,
"RUS","GGEXP","TOT","THND_USD_CAP","A","2018",10360.74,
"SVN","GGEXP","TOT","THND_USD_CAP","A","2007",11949.23,
"SVN","GGEXP","TOT","THND_USD_CAP","A","2008",13333.17,
"SVN","GGEXP","TOT","THND_USD_CAP","A","2009",13589.63,
"SVN","GGEXP","TOT","THND_USD_CAP","A","2010",13971.44,
"SVN","GGEXP","TOT","THND_USD_CAP","A","2011",14713.5,
"SVN","GGEXP","TOT","THND_USD_CAP","A","2012",14336.67,
"SVN","GGEXP","TOT","THND_USD_CAP","A","2013",18067.9,
"SVN","GGEXP","TOT","THND_USD_CAP","A","2014",15696.38,
"SVN","GGEXP","TOT","THND_USD_CAP","A","2015",15408,
"SVN","GGEXP","TOT","THND_USD_CAP","A","2016",15668.9,
"SVN","GGEXP","TOT","THND_USD_CAP","A","2017",16094.07,
"SVN","GGEXP","TOT","THND_USD_CAP","A","2018",16955,
"SVN","GGEXP","TOT","THND_USD_CAP","A","2019",17830.5,
"SVN","GGEXP","TOT","THND_USD_CAP","A","2020",20131.44,
"OECD","GGEXP","TOT","THND_USD_CAP","A","2007",13500,
"OECD","GGEXP","TOT","THND_USD_CAP","A","2008",14477,
"OECD","GGEXP","TOT","THND_USD_CAP","A","2009",15295,
"OECD","GGEXP","TOT","THND_USD_CAP","A","2010",15714,
"OECD","GGEXP","TOT","THND_USD_CAP","A","2011",16010,
"OECD","GGEXP","TOT","THND_USD_CAP","A","2012",16213,
"OECD","GGEXP","TOT","THND_USD_CAP","A","2013",16562,
"OECD","GGEXP","TOT","THND_USD_CAP","A","2014",16802,
"OECD","GGEXP","TOT","THND_USD_CAP","A","2015",17069,
"OECD","GGEXP","TOT","THND_USD_CAP","A","2016",17579,
"OECD","GGEXP","TOT","THND_USD_CAP","A","2017",18100,
"OECD","GGEXP","TOT","THND_USD_CAP","A","2018",18858,
"OECD","GGEXP","TOT","THND_USD_CAP","A","2019",19587,
"COL","GGEXP","TOT","THND_USD_CAP","A","2007",3678.21,
"COL","GGEXP","TOT","THND_USD_CAP","A","2008",3747.95,
"COL","GGEXP","TOT","THND_USD_CAP","A","2009",3976.61,
"COL","GGEXP","TOT","THND_USD_CAP","A","2010",4045.38,
"COL","GGEXP","TOT","THND_USD_CAP","A","2011",4388.51,
"COL","GGEXP","TOT","THND_USD_CAP","A","2012",4743.58,
"COL","GGEXP","TOT","THND_USD_CAP","A","2013",5237.04,
"COL","GGEXP","TOT","THND_USD_CAP","A","2014",6033.05,
"COL","GGEXP","TOT","THND_USD_CAP","A","2015",5999.61,
"COL","GGEXP","TOT","THND_USD_CAP","A","2016",6084.37,
"COL","GGEXP","TOT","THND_USD_CAP","A","2017",6494.13,
"COL","GGEXP","TOT","THND_USD_CAP","A","2018",6875.96,"P"
"COL","GGEXP","TOT","THND_USD_CAP","A","2019",7386.5,
"LVA","GGEXP","TOT","THND_USD_CAP","A","2007",6289.09,
"LVA","GGEXP","TOT","THND_USD_CAP","A","2008",7491.4,
"LVA","GGEXP","TOT","THND_USD_CAP","A","2009",7677.38,
"LVA","GGEXP","TOT","THND_USD_CAP","A","2010",8121.88,
"LVA","GGEXP","TOT","THND_USD_CAP","A","2011",8137.13,
"LVA","GGEXP","TOT","THND_USD_CAP","A","2012",8258.07,
"LVA","GGEXP","TOT","THND_USD_CAP","A","2013",8721.33,
"LVA","GGEXP","TOT","THND_USD_CAP","A","2014",9267.53,
"LVA","GGEXP","TOT","THND_USD_CAP","A","2015",9649.53,
"LVA","GGEXP","TOT","THND_USD_CAP","A","2016",9984.73,
"LVA","GGEXP","TOT","THND_USD_CAP","A","2017",11098.93,
"LVA","GGEXP","TOT","THND_USD_CAP","A","2018",12129.02,
"LVA","GGEXP","TOT","THND_USD_CAP","A","2019",12295.01,
"LVA","GGEXP","TOT","THND_USD_CAP","A","2020",13674.67,
"OAVG","GGEXP","TOT","THND_USD_CAP","A","2007",13863,
"OAVG","GGEXP","TOT","THND_USD_CAP","A","2008",15211,
"OAVG","GGEXP","TOT","THND_USD_CAP","A","2009",15896,
"OAVG","GGEXP","TOT","THND_USD_CAP","A","2010",16390,
"OAVG","GGEXP","TOT","THND_USD_CAP","A","2011",16637,
"OAVG","GGEXP","TOT","THND_USD_CAP","A","2012",16926,
"OAVG","GGEXP","TOT","THND_USD_CAP","A","2013",17641,
"OAVG","GGEXP","TOT","THND_USD_CAP","A","2014",17822,
"OAVG","GGEXP","TOT","THND_USD_CAP","A","2015",18086,
"OAVG","GGEXP","TOT","THND_USD_CAP","A","2016",18666,
"OAVG","GGEXP","TOT","THND_USD_CAP","A","2017",19268,
"OAVG","GGEXP","TOT","THND_USD_CAP","A","2018",20164,
"OAVG","GGEXP","TOT","THND_USD_CAP","A","2019",20949,
"LTU","GGEXP","TOT","THND_USD_CAP","A","2007",6730.61,
"LTU","GGEXP","TOT","THND_USD_CAP","A","2008",7901.58,
"LTU","GGEXP","TOT","THND_USD_CAP","A","2009",8149.72,
"LTU","GGEXP","TOT","THND_USD_CAP","A","2010",8523.98,
"LTU","GGEXP","TOT","THND_USD_CAP","A","2011",9728.84,
"LTU","GGEXP","TOT","THND_USD_CAP","A","2012",8926.28,
"LTU","GGEXP","TOT","THND_USD_CAP","A","2013",9484.29,
"LTU","GGEXP","TOT","THND_USD_CAP","A","2014",9779.55,
"LTU","GGEXP","TOT","THND_USD_CAP","A","2015",10117.99,
"LTU","GGEXP","TOT","THND_USD_CAP","A","2016",10571.78,
"LTU","GGEXP","TOT","THND_USD_CAP","A","2017",11193.11,
"LTU","GGEXP","TOT","THND_USD_CAP","A","2018",12297.89,
"LTU","GGEXP","TOT","THND_USD_CAP","A","2019",13422.45,
"LTU","GGEXP","TOT","THND_USD_CAP","A","2020",16858.07,
"CRI","GGEXP","TOT","THND_USD_CAP","A","2007",3770.56,"E"
"CRI","GGEXP","TOT","THND_USD_CAP","A","2008",4520.33,"E"
"CRI","GGEXP","TOT","THND_USD_CAP","A","2009",4424.86,"E"
"CRI","GGEXP","TOT","THND_USD_CAP","A","2010",5156.45,"E"
"CRI","GGEXP","TOT","THND_USD_CAP","A","2011",5404.15,"E"
"CRI","GGEXP","TOT","THND_USD_CAP","A","2012",4590.97,"E"
"CRI","GGEXP","TOT","THND_USD_CAP","A","2013",4997.03,"E"
"CRI","GGEXP","TOT","THND_USD_CAP","A","2014",5313.4,"E"
"CRI","GGEXP","TOT","THND_USD_CAP","A","2015",5656.89,"E"
"CRI","GGEXP","TOT","THND_USD_CAP","A","2016",6219.42,"E"
"CRI","GGEXP","TOT","THND_USD_CAP","A","2017",6727.17,"E"
"CRI","GGEXP","TOT","THND_USD_CAP","A","2018",8830.15,"E"
"CRI","GGEXP","TOT","THND_USD_CAP","A","2019",9491.89,
"ROU","GGEXP","TOT","THND_USD_CAP","A","2007",5128.35,
"ROU","GGEXP","TOT","THND_USD_CAP","A","2008",6318.12,
"ROU","GGEXP","TOT","THND_USD_CAP","A","2009",6552.13,
"ROU","GGEXP","TOT","THND_USD_CAP","A","2010",6790.53,
"ROU","GGEXP","TOT","THND_USD_CAP","A","2011",7079.14,
"ROU","GGEXP","TOT","THND_USD_CAP","A","2012",7067.65,
"ROU","GGEXP","TOT","THND_USD_CAP","A","2013",7008.01,
"ROU","GGEXP","TOT","THND_USD_CAP","A","2014",7283.57,
"ROU","GGEXP","TOT","THND_USD_CAP","A","2015",7799.44,
"ROU","GGEXP","TOT","THND_USD_CAP","A","2016",8392.22,
"ROU","GGEXP","TOT","THND_USD_CAP","A","2017",9077.9,
"ROU","GGEXP","TOT","THND_USD_CAP","A","2018",10193.95,
"ROU","GGEXP","TOT","THND_USD_CAP","A","2019",11691,
"OEU","GGEXP","TOT","THND_USD_CAP","A","2007",14726,
"OEU","GGEXP","TOT","THND_USD_CAP","A","2008",15757,
"OEU","GGEXP","TOT","THND_USD_CAP","A","2009",16707,
"OEU","GGEXP","TOT","THND_USD_CAP","A","2010",17212,
"OEU","GGEXP","TOT","THND_USD_CAP","A","2011",17475,
"OEU","GGEXP","TOT","THND_USD_CAP","A","2012",17868,
"OEU","GGEXP","TOT","THND_USD_CAP","A","2013",18440,
"OEU","GGEXP","TOT","THND_USD_CAP","A","2014",18698,
"OEU","GGEXP","TOT","THND_USD_CAP","A","2015",18934,
"OEU","GGEXP","TOT","THND_USD_CAP","A","2016",19727,
"OEU","GGEXP","TOT","THND_USD_CAP","A","2017",20440,
"OEU","GGEXP","TOT","THND_USD_CAP","A","2018",21297,
"OEU","GGEXP","TOT","THND_USD_CAP","A","2019",22194,
"OEU","GGEXP","TOT","THND_USD_CAP","A","2020",24161,
